10
944c,Castro,Sam,1060 O Street,Chicago,IL,60613,USA,scastro@cubs.com,sam_castro13@gmail.com
306a,Sampson,Rocky,123 N 1st Street,Omaha,NE,68116,USA,rock_f_sampson@gmail.com,rampson@venture.com
2342,Morales,Miles,123 Mean Street,Ottawa,ON,K1A 0G9,Canada
F11n,Wood,Ethan,123 Tree House,Nebraska City,NE,68116,USA,finn@atime.com
ma12,Sveum,Gale,1060 West Apple Street,Chicago,IL,60613,USA,sveum@cubs.com
321nd,Cartnell,Billiam,1060 West Apple Street,Chicago,IL,60613,USA,bcartnell@doctors.com,dr@who.com
nf32a,Rainey,Tre-Vawn,1060 West Apple Street,Chicago,IL,60613,USA,trainey3@huskers.unl.edu,ptrou32@unl.edu
321na,Rahe,Michael,301 Back St W,Toronto,ON,M5V 2T6,Canada,mrahe@whofan.com
aef1b,Bopp,Logan,1 Wall Street,New York,NY,10005-0012,USA
321fx,Bourke,Chris,1144 T St,Lincoln,NE,68588,USA,bfox@gmail.com,cbourke@crazy.net